{"cameraMode":{"drawMode":0,"name":"Shaded","section":"Shading Mode"},"sceneLighting":false,"audioPlay":false,"sceneViewState":{"m_AlwaysRefresh":false,"showFog":true,"showSkybox":false,"showFlares":true,"showImageEffects":true,"showParticleSystems":true,"showVisualEffectGraphs":true,"m_FxEnabled":false},"in2DMode":false,"pivot":{"x":-9.999153137207032,"y":1.4049779176712037,"z":1.3980169296264649},"rotation":{"x":0.041184984147548679,"y":0.9517009258270264,"z":-0.14705631136894227,"w":0.26644495129585268},"size":2.6371140480041506,"orthographic":false}