{"cameraMode":{"drawMode":0,"name":"Shaded","section":"Shading Mode"},"sceneLighting":true,"audioPlay":false,"sceneViewState":{"m_AlwaysRefresh":false,"showFog":true,"showSkybox":true,"showFlares":true,"showImageEffects":true,"showParticleSystems":true,"showVisualEffectGraphs":true,"m_FxEnabled":true},"in2DMode":false,"pivot":{"x":66.40699768066406,"y":-210.8404541015625,"z":190.02413940429688},"rotation":{"x":0.4527197480201721,"y":0.0026703879702836277,"z":-0.0013523587258532644,"w":0.8916621208190918},"size":209.34393310546876,"orthographic":false}