{"cameraMode":{"drawMode":0,"name":"Shaded","section":"Shading Mode"},"sceneLighting":true,"audioPlay":false,"sceneViewState":{"m_AlwaysRefresh":false,"showFog":true,"showSkybox":true,"showFlares":true,"showImageEffects":true,"showParticleSystems":true,"showVisualEffectGraphs":true,"m_FxEnabled":true},"in2DMode":false,"pivot":{"x":-3.403130054473877,"y":19.160207748413087,"z":-26.171550750732423},"rotation":{"x":-0.02437019720673561,"y":0.8729722499847412,"z":-0.4852229952812195,"w":-0.04379592090845108},"size":16.179712295532228,"orthographic":false}